Domain,Question,Option A,Option B,Option C,Option D,Correct Option (A/B/C/D),Marks
"Technical Team,What does HTML stand for?,Hyper Text Markup Language,High Transfer Machine Language,Hyperlink Text Management Language,Home Tool Markup Language,A,1",,,,,,,
"Technical Team,Which language is mainly used to style web pages?,Python,HTML,CSS,SQL,C,1",,,,,,,
"Technical Team,Which language is commonly used to add interactivity to web pages?,CSS,JavaScript,SQL,XML,B,1",,,,,,,
"Technical Team,What does API stand for?,Application Programming Interface,Advanced Program Integration,Application Process Interaction,Automated Programming Interface,A,1",,,,,,,
"Technical Team,Which of these is a version control system?,Git,Node.js,React,MySQL,A,1",,,,,,,
"Technical Team,What is GitHub primarily used for?,Video editing,Code hosting and collaboration,Graphic design,Email marketing,B,1",,,,,,,
"Technical Team,Which data structure follows FIFO?,Stack,Tree,Queue,Graph,C,1",,,,,,,
"Technical Team,Which data structure follows LIFO?,Queue,Array,Stack,Linked List,C,1",,,,,,,
"Technical Team,What does SQL primarily work with?,Images,Databases,Audio files,Web styling,B,1",,,,,,,
"Technical Team,Which command is commonly used to create a new Git repository?,git start,git init,git new,git create,B,1",,,,,,,
"Technical Team,What does CSS control on a website?,Database records,Page presentation and styling,Server hardware,User passwords,B,1",,,,,,,
"Technical Team,Which protocol is commonly used to securely browse websites?,HTTP,FTP,HTTPS,SMTP,C,1",,,,,,,
"Technical Team,What is the purpose of a database?,To store and organize data,To edit videos,To design logos,To create animations,A,1",,,,,,,
"Technical Team,Which of these is a popular relational database?,MongoDB,MySQL,Redis,Firebase,B,1",,,,,,,
"Technical Team,What does URL stand for?,Universal Resource Locator,Uniform Resource Locator,Unified Routing Link,User Resource Link,B,1",,,,,,,
"Technical Team,Which technology is commonly used to build user interfaces with components?,React,Git,MySQL,Apache,A,1",,,,,,,
"Technical Team,What is debugging?,Writing documentation,Finding and fixing errors,Creating a database,Designing graphics,B,1",,,,,,,
"Technical Team,Which symbol is commonly used for comments in JavaScript for a single line?,#,//,<!--,**,B,1",,,,,,,
"Technical Team,What does RAM provide to a computer?,Permanent storage,Temporary working memory,Internet access,Power backup,B,1",,,,,,,
"Technical Team,Which of these is an operating system?,Python,Linux,JavaScript,HTML,B,1",,,,,,,
"Technical Team,What is responsive web design?,A website that adapts to different screen sizes,A website with only animations,A website without images,A website that works only on desktop,A,1",,,,,,,
"Technical Team,Which HTTP method is generally used to retrieve data?,POST,GET,DELETE,PATCH,A,1",,,,,,,
"Technical Team,Which HTTP method is commonly used to send new data to a server?,GET,POST,HEAD,OPTIONS,B,1",,,,,,,
"Technical Team,What is the main purpose of a function in programming?,To repeat or organize reusable code,To store only images,To shut down a computer,To create hardware,A,1",,,,,,,
"Technical Team,Which language is commonly associated with data analysis and AI?,Python,HTML,CSS,XML,A,1",,,,,,,
"Technical Team,What is a frontend developer mainly responsible for?,User-facing interface,Database hardware,Network cables,Server electricity,A,1",,,,,,,
"Technical Team,What is a backend responsible for?,Server-side logic and data processing,Logo design,Poster printing,Camera operation,A,1",,,,,,,
"Technical Team,What is an IDE?,Integrated Development Environment,Internet Design Engine,Interactive Data Editor,Internal Development Extension,A,1",,,,,,,
"Technical Team,What does JSON commonly represent?,Structured data,Video compression,Image editing,Audio recording,A,1",,,,,,,
"Technical Team,Why is testing important in software development?,To identify defects and verify functionality,To increase screen brightness,To create advertisements,To reduce keyboard size,A,1",,,,,,,
"Event Management Team,What is the first step when planning a college event?,Define objectives,Print certificates,Book photographers,Publish the results,A,1",,,,,,,
"Event Management Team,What is an event timeline used for?,Tracking activities and deadlines,Editing photos,Creating logos,Writing code,A,1",,,,,,,
"Event Management Team,Why is a budget important for an event?,To track income and expenses,To select social media filters,To design websites,To record attendance only,A,1",,,,,,,
"Event Management Team,What is an event run sheet?,A schedule of activities and responsibilities,A list of sponsors,A financial report,A social media post,A,1",,,,,,,
"Event Management Team,What should an event team prepare for unexpected problems?,Contingency plan,Poster template,Music playlist,Logo file,A,1",,,,,,,
"Event Management Team,What is venue selection based on?,Event requirements and capacity,Only wall color,Only food menu,Only speaker preference,A,1",,,,,,,
"Event Management Team,What does RSVP generally indicate?,Confirmation of attendance,Event cancellation,Ticket refund,Speaker payment,A,1",,,,,,,
"Event Management Team,Why is crowd management important?,To maintain safety and smooth movement,To increase printing costs,To improve logo quality,To edit videos,A,1",,,,,,,
"Event Management Team,What is a guest list?,A list of invited attendees,A list of expenses,A list of equipment,A list of advertisements,A,1",,,,,,,
"Event Management Team,What is event registration used for?,Recording participant details,Creating music,Editing posters,Managing electricity,A,1",,,,,,,
"Event Management Team,What is a checklist useful for?,Ensuring tasks are completed,Choosing fonts,Writing code,Editing audio,A,1",,,,,,,
"Event Management Team,Why should event roles be assigned clearly?,To avoid confusion and duplication,To increase event duration,To reduce attendance,To remove planning,A,1",,,,,,,
"Event Management Team,What is a stage manager responsible for?,Coordinating stage activities,Designing websites,Managing databases,Creating advertisements,A,1",,,,,,,
"Event Management Team,What should be considered when scheduling an event?,Availability of participants and resources,Only poster size,Only logo color,Only microphone brand,A,1",,,,,,,
"Event Management Team,What is a technical rehearsal?,A test of technical arrangements before the event,A marketing meeting,A budgeting session,A registration form,A,1",,,,,,,
"Event Management Team,What is the purpose of a feedback form?,To collect participant opinions,To book a venue,To pay vendors,To create tickets,A,1",,,,,,,
"Event Management Team,Why are volunteers important at events?,They help execute event activities,They replace all sponsors,They create only posters,They manage college admissions,A,1",,,,,,,
"Event Management Team,What is a sponsor?,An organization or person providing support or funding,A participant,A security guard,A photographer,A,1",,,,,,,
"Event Management Team,What is event branding?,Creating a consistent identity for the event,Managing event electricity,Recording attendance,Preparing food,A,1",,,,,,,
"Event Management Team,Why should an event have an emergency plan?,To respond effectively to unexpected situations,To improve poster colors,To increase ticket prices,To reduce volunteer numbers,A,1",,,,,,,
"Event Management Team,What is the purpose of an event briefing?,To communicate important instructions to the team,To publish exam results,To design a logo,To edit a video,A,1",,,,,,,
"Event Management Team,What should be checked before opening registration?,Registration system and required materials,Only stage lights,Only social media followers,Only sponsor logos,A,1",,,,,,,
"Event Management Team,What is vendor coordination?,Managing communication with service providers,Managing student grades,Managing social media comments,Managing website code,A,1",,,,,,,
"Event Management Team,Why is time management important during an event?,To keep activities on schedule,To increase event expenses,To reduce audience engagement,To eliminate planning,A,1",,,,,,,
"Event Management Team,What is a post-event report used for?,Reviewing event performance and outcomes,Creating event tickets,Selecting music,Managing parking only,A,1",,,,,,,
"Event Management Team,What is an event objective?,A specific outcome the event aims to achieve,A list of decorations,A speaker biography,A food menu,A,1",,,,,,,
"Event Management Team,What is the purpose of a registration desk?,To welcome and check in participants,To operate the sound system,To edit photographs,To manage sponsors only,A,1",,,,,,,
"Event Management Team,What is a backup venue useful for?,Handling venue-related emergencies,Improving social media reach,Designing posters,Creating certificates,A,1",,,,,,,
"Event Management Team,Why should event teams conduct a debrief?,To discuss what worked and what can improve,To cancel all future events,To create advertisements,To increase ticket prices,A,1",,,,,,,
"Event Management Team,What is logistics management?,Coordinating resources movement and operational needs,Writing social media captions,Designing logos,Editing videos,A,1",,,,,,,
"Media & Communication Team,What is the main purpose of social media content?,To communicate and engage with an audience,To manage electricity,To write software,To maintain databases,A,1",,,,,,,
"Media & Communication Team,Which platform is primarily known for professional networking?,Instagram,LinkedIn,Snapchat,WhatsApp,B,1",,,,,,,
"Media & Communication Team,What is a social media caption?,Text accompanying a social media post,A video editing tool,A database field,A camera lens,A,1",,,,,,,
"Media & Communication Team,What does engagement generally include?,Likes comments shares and interactions,Only follower count,Only advertisements,Only website visits,A,1",,,,,,,
"Media & Communication Team,What is a content calendar?,A schedule for planned content,A photo editing application,A list of passwords,A video camera,A,1",,,,,,,
"Media & Communication Team,Why are hashtags used?,To categorize and improve content discovery,To edit images,To create websites,To store files,A,1",,,,,,,
"Media & Communication Team,What is the purpose of a call to action?,To encourage the audience to take a specific action,To reduce image quality,To delete a post,To change a password,A,1",,,,,,,
"Media & Communication Team,What does reach mean on social media?,Number of unique users who see content,Number of comments only,Number of posts created,Number of hashtags used,A,1",,,,,,,
"Media & Communication Team,What is an impression?,A time content is displayed or viewed,The number of followers gained,The number of comments deleted,The number of accounts blocked,A,1",,,,,,,
"Media & Communication Team,Which content is usually best suited for Instagram Reels?,Short vertical videos,Long text documents,Spreadsheet files,Database tables,A,1",,,,,,,
"Media & Communication Team,What is a thumbnail?,A small preview image,An audio file,A database,A website domain,A,1",,,,,,,
"Media & Communication Team,Why is consistency important in social media branding?,It creates a recognizable identity,It removes the need for content,It prevents engagement,It increases file size,A,1",,,,,,,
"Media & Communication Team,What is audience targeting?,Creating content for a specific group,Posting without a purpose,Deleting old posts,Changing passwords,A,1",,,,,,,
"Media & Communication Team,What is organic reach?,Reach achieved without paid promotion,Reach from paid advertisements,Reach from email only,Reach from printed posters,A,1",,,,,,,
"Media & Communication Team,What is social media analytics used for?,Measuring content performance,Designing hardware,Editing source code,Printing brochures,A,1",,,,,,,
"Media & Communication Team,Which metric measures how many users follow an account?,Follower count,Click-through rate,Impressions,Watch time,A,1",,,,,,,
"Media & Communication Team,What is a content hook?,An opening element designed to capture attention,A security password,A video file format,A website server,A,1",,,,,,,
"Media & Communication Team,Why should social media posts use readable text?,To improve accessibility and understanding,To increase file size,To reduce engagement,To hide information,A,1",,,,,,,
"Media & Communication Team,What is user-generated content?,Content created by users or followers,Content created only by employees,Content generated by servers,Content from newspapers only,A,1",,,,,,,
"Media & Communication Team,What is a social media trend?,A topic or format gaining popularity online,A permanent website,A type of database,A programming language,A,1",,,,,,,
"Media & Communication Team,What should a team do before posting sensitive information?,Verify accuracy and permission,Post immediately,Ignore the source,Remove all context,A,1",,,,,,,
"Media & Communication Team,What is community management?,Building and maintaining relationships with an online audience,Creating databases,Managing college accounts,Designing hardware,A,1",,,,,,,
"Media & Communication Team,What is a brand voice?,The consistent style and personality of communication,A microphone setting,A video resolution,A font file,A,1",,,,,,,
"Media & Communication Team,Why is visual consistency useful?,It strengthens brand recognition,It removes the need for captions,It prevents followers,It reduces content quality,A,1",,,,,,,
"Media & Communication Team,What is a social media campaign?,A coordinated set of content and activities around a goal,A single password,A coding project,A financial statement,A,1",,,,,,,
"Media & Communication Team,What does click-through rate measure?,Percentage of users who click a link or call to action,Number of followers only,Number of images posted,Number of videos deleted,A,1",,,,,,,
"Media & Communication Team,Why should social media content be proofread?,To prevent errors and improve credibility,To reduce followers,To increase file size,To remove branding,A,1",,,,,,,
"Media & Communication Team,What is a content pillar?,A core topic used to guide recurring content,A camera accessory,A database column,A type of advertisement,A,1",,,,,,,
"Media & Communication Team,What is a social media crisis?,A situation that can seriously harm online reputation,A normal post,A scheduled upload,A follower request,A,1",,,,,,,
"Media & Communication Team,What is the best response to a genuine negative comment?,Respond politely and address the concern,Delete every comment,Argue with the user,Ignore all feedback,A,1",,,,,,,
"Media & Communication Team,What is storytelling in social media?,Using a narrative to communicate a message,Posting random images,Using only hashtags,Sharing only statistics,A,1",,,,,,,
"Creative Team,What is visual hierarchy in design?,Arranging elements to guide viewer attention,Using only large text,Removing all images,Using random colors,A,1",,,,,,,
"Creative Team,What does contrast help achieve in a design?,Visual distinction between elements,Smaller file sizes,Automatic coding,Database storage,A,1",,,,,,,
"Creative Team,What is typography?,The art and arrangement of text,The process of video recording,The study of databases,The creation of sound,A,1",,,,,,,
"Creative Team,What is a color palette?,A selected group of colors used in a design,A collection of fonts,A video timeline,A list of images,A,1",,,,,,,
"Creative Team,Why is whitespace important?,It improves clarity and visual balance,It fills every empty area,It reduces readability,It removes hierarchy,A,1",,,,,,,
"Creative Team,What is a mood board?,A collection of visual references for a creative direction,A financial document,A coding file,A contact list,A,1",,,,,,,
"Creative Team,What is a logo primarily used for?,Visual identification of a brand,Writing articles,Editing audio,Managing databases,A,1",,,,,,,
"Creative Team,What does RGB stand for?,Red Green Blue,Red Gray Black,Right Green Bright,Red Gold Brown,A,1",,,,,,,
"Creative Team,Which color model is commonly used for print design?,RGB,CMYK,HEX only,HSL only,B,1",,,,,,,
"Creative Team,What is the purpose of alignment in design?,To create structure and visual order,To increase file size,To remove contrast,To add random spacing,A,1",,,,,,,
"Creative Team,What is a vector graphic?,A graphic based on mathematical paths,A compressed audio file,A database record,A video clip,A,1",,,,,,,
"Creative Team,What is raster graphics commonly made of?,Pixels,Database tables,Audio tracks,HTML tags,A,1",,,,,,,
"Creative Team,What does resolution describe?,The amount of detail an image can display,The number of fonts,The number of colors in a logo,The file name,A,1",,,,,,,
"Creative Team,Why should designers consider readability?,So the audience can easily understand the content,To increase decoration,To hide information,To reduce contrast,A,1",,,,,,,
"Creative Team,What is composition?,Arrangement of visual elements,Choice of programming language,Audio recording quality,Database design,A,1",,,,,,,
"Creative Team,What is a design grid?,A structure used to organize content,An image filter,A font library,A video format,A,1",,,,,,,
"Creative Team,What is branding in creative design?,Creating a consistent visual identity,Creating only advertisements,Writing computer code,Managing event registrations,A,1",,,,,,,
"Creative Team,What is visual balance?,Distribution of visual weight in a design,Using equal font sizes only,Using only one color,Removing images,A,1",,,,,,,
"Creative Team,What is an icon?,A small visual symbol representing an idea or action,A paragraph of text,A video recording,A spreadsheet,A,1",,,,,,,
"Creative Team,Why is consistency important across designs?,It creates a unified brand appearance,It removes creativity,It reduces quality,It prevents communication,A,1",,,,,,,
"Creative Team,What is a creative brief?,A document describing project goals and requirements,A financial receipt,A programming script,A social media password,A,1",,,,,,,
"Creative Team,What is image cropping?,Removing unwanted portions of an image,Increasing audio volume,Changing a database,Writing a caption,A,1",,,,,,,
"Creative Team,What is a font family?,A group of related typefaces,A collection of photos,A color palette,A video sequence,A,1",,,,,,,
"Creative Team,What is a thumbnail sketch?,A quick rough visual idea,A final printed design,A database model,A finished animation,A,1",,,,,,,
"Creative Team,What is negative space?,Empty space around design elements,The darkest color in a design,A type of font,A video effect,A,1",,,,,,,
"Creative Team,Why should designers avoid overcrowding a poster?,To maintain clarity and focus,To increase text density,To reduce readability,To hide the main message,A,1",,,,,,,
"Creative Team,What is a visual metaphor?,An image used to represent an abstract idea,A file compression method,A database query,A video codec,A,1",,,,,,,
"Creative Team,What is a prototype in creative work?,An early version used for testing ideas,A final invoice,A social media password,A sound recording,A,1",,,,,,,
"Creative Team,What is the purpose of feedback in design?,To identify improvements and refine the work,To prevent revisions,To remove creativity,To finalize every idea immediately,A,1",,,,,,,
"Creative Team,What is a design mockup?,A visual representation of how the final design may look,A source code repository,A database backup,A video recording,A,1",,,,,,,
"Marketing and PR Team,What is the primary goal of marketing?,To satisfy audience needs while achieving organizational goals,To design computer hardware,To manage databases,To edit videos,A,1",,,,,,,
"Marketing and PR Team,What does PR stand for?,Public Relations,Personal Research,Product Registration,Public Recruitment,A,1",,,,,,,
"Marketing and PR Team,What is a target audience?,The specific group a campaign aims to reach,All internet users,Only employees,Only competitors,A,1",,,,,,,
"Marketing and PR Team,What is market research?,Collecting information about customers and markets,Creating logos,Editing videos,Writing software,A,1",,,,,,,
"Marketing and PR Team,What is a unique selling proposition?,A feature or benefit that differentiates an offering,A list of employees,A social media password,A financial receipt,A,1",,,,,,,
"Marketing and PR Team,What is a marketing campaign?,A planned set of activities to achieve a marketing goal,A random advertisement,A company database,A design file,A,1",,,,,,,
"Marketing and PR Team,What is brand awareness?,How familiar people are with a brand,How many products are in stock,How much a company spends,How many employees a company has,A,1",,,,,,,
"Marketing and PR Team,What is a call to action in marketing?,A prompt encouraging a desired response,A company logo,A market report,A press release,A,1",,,,,,,
"Marketing and PR Team,What is a press release?,An official announcement provided to media,An internal password,A product invoice,A social media filter,A,1",,,,,,,
"Marketing and PR Team,What is customer segmentation?,Dividing customers into meaningful groups,Deleting customer records,Creating advertisements randomly,Changing product colors,A,1",,,,,,,
"Marketing and PR Team,What is a marketing funnel?,A model describing stages from awareness to conversion,A sales receipt,A design template,A database structure,A,1",,,,,,,
"Marketing and PR Team,What is conversion in marketing?,When a user completes a desired action,When a user views a logo,When a company changes its name,When a post is deleted,A,1",,,,,,,
"Marketing and PR Team,What is a lead?,A potential customer or interested prospect,A completed sale,A competitor,A social media post,A,1",,,,,,,
"Marketing and PR Team,What is a brand identity?,The visual and verbal elements that represent a brand,A list of customers,A marketing budget,A product shipment,A,1",,,,,,,
"Marketing and PR Team,Why is market positioning important?,It defines how an offering is perceived relative to alternatives,It controls office electricity,It creates database tables,It edits videos,A,1",,,,,,,
"Marketing and PR Team,What is word-of-mouth marketing?,Promotion through personal recommendations,Promotion through coding,Promotion through database queries,Promotion through internal emails only,A,1",,,,,,,
"Marketing and PR Team,What is influencer marketing?,Promoting products or ideas through influential creators,Promoting only through newspapers,Using only company employees,Creating software tools,A,1",,,,,,,
"Marketing and PR Team,What is a marketing KPI?,A measurable indicator of performance,A type of advertisement,A customer complaint,A design template,A,1",,,,,,,
"Marketing and PR Team,What does ROI stand for?,Return on Investment,Rate of Interaction,Revenue of Interest,Reach on Internet,A,1",,,,,,,
"Marketing and PR Team,Why is competitor analysis useful?,To understand competitors and identify opportunities,To copy everything competitors do,To eliminate customers,To avoid market research,A,1",,,,,,,
"Marketing and PR Team,What is customer feedback useful for?,Improving products and communication,Increasing passwords,Removing branding,Reducing audience research,A,1",,,,,,,
"Marketing and PR Team,What is a promotional offer?,An incentive designed to encourage purchases or participation,A financial audit,A design guideline,A database query,A,1",,,,,,,
"Marketing and PR Team,What is public relations mainly concerned with?,Managing relationships and reputation with the public,Writing computer programs,Managing inventory only,Editing photographs,A,1",,,,,,,
"Marketing and PR Team,What is a brand ambassador?,A person who represents and promotes a brand,A person who manages databases,A financial auditor,A website developer,A,1",,,,,,,
"Marketing and PR Team,What is a customer persona?,A fictional profile representing a target customer,A company logo,A press release,A marketing invoice,A,1",,,,,,,
"Marketing and PR Team,Why is storytelling useful in marketing?,It makes messages more relatable and memorable,It removes the need for research,It guarantees sales,It replaces all advertising,A,1",,,,,,,
"Marketing and PR Team,What is a sponsorship in marketing?,Financial or resource support associated with promotional benefits,A customer complaint,A database backup,A product defect,A,1",,,,,,,
"Marketing and PR Team,What is crisis communication?,Managing communication during a reputation or emergency situation,Creating a logo,Planning office seating,Editing product images,A,1",,,,,,,
"Marketing and PR Team,What is a marketing channel?,A medium used to communicate with or reach customers,A company employee,A financial report,A product feature,A,1",,,,,,,
"Marketing and PR Team,Why is audience research important before a campaign?,It helps create relevant messages and strategies,It removes the need for planning,It guarantees viral content,It prevents feedback,A,1",,,,,,,
